
[{
 "name": "fold_pl351_template_hit_0_chains_a.cif",
 "queryIndices": [
  98,
  86,
  101,
  103,
  83,
  96,
  84,
  115,
  111,
  91,
  116,
  104,
  92,
  106,
  94,
  109,
  89,
  113,
  100,
  87,
  99,
  85,
  97,
  82,
  102,
  93,
  105,
  117,
  90,
  110,
  114,
  112,
  88,
  108,
  95,
  107
 ],
 "templateIndices": [
  75,
  62,
  78,
  80,
  59,
  73,
  60,
  92,
  88,
  68,
  93,
  81,
  69,
  83,
  71,
  86,
  65,
  90,
  77,
  63,
  76,
  61,
  74,
  58,
  79,
  70,
  82,
  94,
  67,
  87,
  91,
  89,
  64,
  85,
  72,
  84
 ]
}
,{
 "name": "fold_pl351_template_hit_1_chains_a.cif",
 "queryIndices": [
  86,
  98,
  101,
  81,
  103,
  83,
  84,
  96,
  115,
  91,
  111,
  116,
  104,
  92,
  106,
  94,
  89,
  109,
  113,
  100,
  99,
  85,
  97,
  102,
  82,
  105,
  93,
  90,
  110,
  114,
  112,
  108,
  107,
  95
 ],
 "templateIndices": [
  161,
  171,
  174,
  156,
  176,
  158,
  159,
  169,
  188,
  164,
  184,
  189,
  177,
  165,
  179,
  167,
  162,
  182,
  186,
  173,
  172,
  160,
  170,
  175,
  157,
  178,
  166,
  163,
  183,
  187,
  185,
  181,
  180,
  168
 ]
}
,{
 "name": "fold_pl351_template_hit_2_chains_a.cif",
 "queryIndices": [
  86,
  98,
  81,
  101,
  83,
  103,
  96,
  84,
  115,
  111,
  91,
  104,
  92,
  106,
  94,
  109,
  89,
  113,
  100,
  99,
  87,
  85,
  97,
  82,
  102,
  105,
  93,
  110,
  90,
  114,
  112,
  88,
  108,
  95,
  107
 ],
 "templateIndices": [
  255,
  267,
  250,
  270,
  252,
  272,
  265,
  253,
  284,
  280,
  260,
  273,
  261,
  275,
  263,
  278,
  258,
  282,
  269,
  268,
  256,
  254,
  266,
  251,
  271,
  274,
  262,
  279,
  259,
  283,
  281,
  257,
  277,
  264,
  276
 ]
}
,{
 "name": "fold_pl351_template_hit_3_chains_a.cif",
 "queryIndices": [
  86,
  98,
  101,
  103,
  83,
  84,
  96,
  115,
  111,
  91,
  92,
  104,
  94,
  106,
  109,
  89,
  113,
  100,
  99,
  87,
  97,
  85,
  102,
  105,
  93,
  90,
  110,
  114,
  112,
  88,
  108,
  107,
  95
 ],
 "templateIndices": [
  349,
  361,
  364,
  366,
  346,
  347,
  359,
  378,
  374,
  354,
  355,
  367,
  357,
  369,
  372,
  352,
  376,
  363,
  362,
  350,
  360,
  348,
  365,
  368,
  356,
  353,
  373,
  377,
  375,
  351,
  371,
  370,
  358
 ]
}
]
