
[{
 "name": "fold_pl318_template_hit_0_chains_a.cif",
 "queryIndices": [
  72,
  84,
  96,
  79,
  103,
  83,
  101,
  81,
  77,
  86,
  98,
  74,
  69,
  89,
  94,
  104,
  92,
  91,
  71,
  102,
  82,
  78,
  97,
  73,
  75,
  87,
  99,
  76,
  100,
  80,
  95,
  88,
  68,
  70,
  90,
  105,
  93
 ],
 "templateIndices": [
  14,
  26,
  37,
  21,
  44,
  25,
  42,
  23,
  19,
  27,
  39,
  16,
  11,
  30,
  35,
  45,
  33,
  32,
  13,
  43,
  24,
  20,
  38,
  15,
  17,
  28,
  40,
  18,
  41,
  22,
  36,
  29,
  10,
  12,
  31,
  46,
  34
 ]
}
,{
 "name": "fold_pl318_template_hit_1_chains_a.cif",
 "queryIndices": [
  72,
  96,
  84,
  79,
  83,
  103,
  81,
  101,
  77,
  98,
  86,
  74,
  69,
  89,
  94,
  104,
  92,
  91,
  71,
  102,
  82,
  78,
  97,
  73,
  75,
  87,
  99,
  76,
  100,
  80,
  95,
  67,
  88,
  68,
  70,
  90,
  93,
  105
 ],
 "templateIndices": [
  17,
  40,
  29,
  24,
  28,
  47,
  26,
  45,
  22,
  42,
  30,
  19,
  14,
  33,
  38,
  48,
  36,
  35,
  16,
  46,
  27,
  23,
  41,
  18,
  20,
  31,
  43,
  21,
  44,
  25,
  39,
  12,
  32,
  13,
  15,
  34,
  37,
  49
 ]
}
,{
 "name": "fold_pl318_template_hit_2_chains_a.cif",
 "queryIndices": [
  72,
  84,
  96,
  79,
  103,
  83,
  81,
  101,
  77,
  98,
  86,
  74,
  69,
  89,
  94,
  92,
  104,
  91,
  71,
  102,
  82,
  78,
  97,
  73,
  75,
  99,
  87,
  76,
  80,
  100,
  95,
  88,
  68,
  70,
  90,
  93,
  105
 ],
 "templateIndices": [
  14,
  26,
  37,
  21,
  44,
  25,
  23,
  42,
  19,
  39,
  27,
  16,
  11,
  30,
  35,
  33,
  45,
  32,
  13,
  43,
  24,
  20,
  38,
  15,
  17,
  40,
  28,
  18,
  22,
  41,
  36,
  29,
  10,
  12,
  31,
  34,
  46
 ]
}
,{
 "name": "fold_pl318_template_hit_3_chains_a.cif",
 "queryIndices": [
  155,
  208,
  204,
  156,
  215,
  203,
  182,
  170,
  177,
  173,
  150,
  221,
  193,
  218,
  198,
  187,
  167,
  188,
  160,
  202,
  214,
  157,
  205,
  209,
  154,
  172,
  176,
  171,
  183,
  199,
  219,
  192,
  220,
  151,
  161,
  189,
  166,
  175,
  179,
  168,
  180,
  201,
  158,
  213,
  206,
  153,
  210,
  162,
  190,
  165,
  185,
  196,
  216,
  195,
  181,
  169,
  178,
  174,
  211,
  152,
  207,
  212,
  159,
  200,
  184,
  164,
  191,
  163,
  194,
  217,
  197
 ],
 "templateIndices": [
  70,
  124,
  120,
  71,
  131,
  119,
  97,
  85,
  92,
  88,
  65,
  137,
  109,
  134,
  114,
  101,
  82,
  102,
  75,
  118,
  130,
  72,
  121,
  125,
  69,
  87,
  91,
  86,
  98,
  115,
  135,
  108,
  136,
  66,
  76,
  103,
  81,
  90,
  94,
  83,
  95,
  117,
  73,
  129,
  122,
  68,
  126,
  77,
  104,
  80,
  100,
  112,
  132,
  111,
  96,
  84,
  93,
  89,
  127,
  67,
  123,
  128,
  74,
  116,
  99,
  79,
  105,
  78,
  110,
  133,
  113
 ]
}
]
