
[{
 "name": "fold_wt_template_hit_0_chains_a.cif",
 "queryIndices": [
  149,
  161,
  137,
  146,
  166,
  142,
  186,
  140,
  184,
  144,
  164,
  139,
  151,
  163,
  172,
  152,
  171,
  159,
  183,
  181,
  169,
  157,
  178,
  174,
  154,
  143,
  167,
  147,
  160,
  148,
  162,
  150,
  138,
  165,
  145,
  185,
  141,
  182,
  158,
  170,
  153,
  173,
  155,
  179,
  156,
  168,
  180
 ],
 "templateIndices": [
  179,
  191,
  167,
  176,
  196,
  172,
  214,
  170,
  211,
  174,
  194,
  169,
  181,
  193,
  202,
  182,
  201,
  189,
  210,
  208,
  199,
  187,
  205,
  204,
  184,
  173,
  197,
  177,
  190,
  178,
  192,
  180,
  168,
  195,
  175,
  213,
  171,
  209,
  188,
  200,
  183,
  203,
  185,
  206,
  186,
  198,
  207
 ]
}
,{
 "name": "fold_wt_template_hit_1_chains_a.cif",
 "queryIndices": [
  206,
  210,
  213,
  227,
  260,
  255,
  228,
  259,
  248,
  223,
  216,
  238,
  265,
  242,
  233,
  245,
  270,
  212,
  211,
  207,
  249,
  258,
  229,
  254,
  261,
  226,
  217,
  222,
  244,
  232,
  264,
  243,
  239,
  250,
  257,
  230,
  253,
  262,
  225,
  215,
  208,
  204,
  247,
  268,
  235,
  240,
  267,
  236,
  218,
  221,
  224,
  263,
  252,
  231,
  256,
  251,
  205,
  209,
  214,
  237,
  266,
  241,
  234,
  269,
  246,
  220,
  219
 ],
 "templateIndices": [
  443,
  447,
  450,
  465,
  498,
  493,
  466,
  497,
  486,
  461,
  454,
  476,
  503,
  480,
  471,
  483,
  508,
  449,
  448,
  444,
  487,
  496,
  467,
  492,
  499,
  464,
  455,
  460,
  482,
  470,
  502,
  481,
  477,
  488,
  495,
  468,
  491,
  500,
  463,
  453,
  445,
  441,
  485,
  506,
  473,
  478,
  505,
  474,
  456,
  459,
  462,
  501,
  490,
  469,
  494,
  489,
  442,
  446,
  452,
  475,
  504,
  479,
  472,
  507,
  484,
  458,
  457
 ]
}
,{
 "name": "fold_wt_template_hit_2_chains_a.cif",
 "queryIndices": [
  95,
  68,
  88,
  90,
  70,
  93,
  78,
  82,
  102,
  73,
  85,
  97,
  87,
  99,
  75,
  80,
  100,
  76,
  89,
  69,
  94,
  92,
  71,
  91,
  96,
  84,
  72,
  103,
  83,
  79,
  77,
  101,
  81,
  74,
  98,
  86
 ],
 "templateIndices": [
  38,
  10,
  31,
  33,
  12,
  36,
  20,
  24,
  45,
  15,
  28,
  40,
  30,
  42,
  17,
  22,
  43,
  18,
  32,
  11,
  37,
  35,
  13,
  34,
  39,
  26,
  14,
  46,
  25,
  21,
  19,
  44,
  23,
  16,
  41,
  29
 ]
}
,{
 "name": "fold_wt_template_hit_3_chains_a.cif",
 "queryIndices": [
  60,
  67,
  59,
  68,
  88,
  90,
  57,
  70,
  62,
  65,
  49,
  78,
  82,
  54,
  73,
  85,
  87,
  52,
  75,
  80,
  47,
  51,
  76,
  89,
  69,
  58,
  66,
  61,
  64,
  63,
  71,
  56,
  91,
  84,
  72,
  55,
  83,
  79,
  48,
  77,
  50,
  81,
  74,
  53,
  86
 ],
 "templateIndices": [
  44,
  51,
  42,
  52,
  78,
  80,
  40,
  60,
  46,
  49,
  28,
  68,
  72,
  33,
  63,
  75,
  77,
  31,
  65,
  70,
  26,
  30,
  66,
  79,
  53,
  41,
  50,
  45,
  48,
  47,
  61,
  35,
  81,
  74,
  62,
  34,
  73,
  69,
  27,
  67,
  29,
  71,
  64,
  32,
  76
 ]
}
]
