
[{
 "name": "fold_pl335_template_hit_0_chains_a.cif",
 "queryIndices": [
  142,
  146,
  166,
  137,
  149,
  161,
  151,
  163,
  139,
  144,
  164,
  140,
  184,
  183,
  171,
  159,
  152,
  172,
  154,
  174,
  178,
  169,
  157,
  181,
  160,
  148,
  167,
  147,
  143,
  185,
  141,
  165,
  145,
  138,
  162,
  150,
  173,
  153,
  170,
  158,
  182,
  180,
  168,
  156,
  179,
  155
 ],
 "templateIndices": [
  172,
  176,
  196,
  167,
  179,
  191,
  181,
  193,
  169,
  174,
  194,
  170,
  211,
  210,
  201,
  189,
  182,
  202,
  184,
  204,
  205,
  199,
  187,
  208,
  190,
  178,
  197,
  177,
  173,
  213,
  171,
  195,
  175,
  168,
  192,
  180,
  203,
  183,
  200,
  188,
  209,
  207,
  198,
  186,
  206,
  185
 ]
}
,{
 "name": "fold_pl335_template_hit_1_chains_a.cif",
 "queryIndices": [
  88,
  68,
  95,
  93,
  70,
  90,
  85,
  97,
  73,
  82,
  102,
  78,
  76,
  80,
  100,
  75,
  87,
  99,
  94,
  69,
  89,
  91,
  71,
  92,
  79,
  103,
  83,
  72,
  96,
  84,
  98,
  86,
  74,
  101,
  81,
  77
 ],
 "templateIndices": [
  31,
  10,
  38,
  36,
  12,
  33,
  28,
  40,
  15,
  24,
  45,
  20,
  18,
  22,
  43,
  17,
  30,
  42,
  37,
  11,
  32,
  34,
  13,
  35,
  21,
  46,
  25,
  14,
  39,
  26,
  41,
  29,
  16,
  44,
  23,
  19
 ]
}
,{
 "name": "fold_pl335_template_hit_2_chains_a.cif",
 "queryIndices": [
  88,
  68,
  59,
  67,
  60,
  65,
  62,
  70,
  57,
  90,
  85,
  73,
  54,
  82,
  78,
  49,
  76,
  51,
  47,
  80,
  75,
  52,
  87,
  61,
  66,
  58,
  69,
  89,
  91,
  56,
  71,
  63,
  64,
  48,
  79,
  83,
  55,
  72,
  84,
  86,
  53,
  74,
  81,
  46,
  50,
  77
 ],
 "templateIndices": [
  78,
  52,
  42,
  51,
  44,
  49,
  46,
  60,
  40,
  80,
  75,
  63,
  33,
  72,
  68,
  28,
  66,
  30,
  26,
  70,
  65,
  31,
  77,
  45,
  50,
  41,
  53,
  79,
  81,
  35,
  61,
  47,
  48,
  27,
  69,
  73,
  34,
  62,
  74,
  76,
  32,
  64,
  71,
  25,
  29,
  67
 ]
}
,{
 "name": "fold_pl335_template_hit_3_chains_a.cif",
 "queryIndices": [
  197,
  217,
  189,
  194,
  222,
  220,
  191,
  192,
  219,
  199,
  200,
  224,
  212,
  207,
  211,
  209,
  205,
  226,
  214,
  202,
  223,
  195,
  188,
  216,
  196,
  187,
  198,
  218,
  193,
  190,
  221,
  210,
  206,
  213,
  225,
  201,
  203,
  215,
  204,
  208
 ],
 "templateIndices": [
  164,
  184,
  154,
  159,
  189,
  187,
  156,
  157,
  186,
  166,
  167,
  191,
  179,
  174,
  178,
  176,
  172,
  193,
  181,
  169,
  190,
  160,
  153,
  183,
  163,
  152,
  165,
  185,
  158,
  155,
  188,
  177,
  173,
  180,
  192,
  168,
  170,
  182,
  171,
  175
 ]
}
]
