
[{
 "name": "fold_pl13_template_hit_0_chains_a.cif",
 "queryIndices": [
  137,
  149,
  161,
  142,
  166,
  146,
  144,
  164,
  184,
  140,
  163,
  151,
  139,
  152,
  172,
  183,
  171,
  159,
  157,
  169,
  181,
  174,
  154,
  178,
  167,
  147,
  143,
  148,
  160,
  138,
  162,
  150,
  185,
  141,
  145,
  165,
  170,
  158,
  182,
  153,
  173,
  179,
  155,
  180,
  156,
  168
 ],
 "templateIndices": [
  167,
  179,
  191,
  172,
  196,
  176,
  174,
  194,
  211,
  170,
  193,
  181,
  169,
  182,
  202,
  210,
  201,
  189,
  187,
  199,
  208,
  204,
  184,
  205,
  197,
  177,
  173,
  178,
  190,
  168,
  192,
  180,
  213,
  171,
  175,
  195,
  200,
  188,
  209,
  183,
  203,
  206,
  185,
  207,
  186,
  198
 ]
}
,{
 "name": "fold_pl13_template_hit_1_chains_a.cif",
 "queryIndices": [
  95,
  88,
  68,
  70,
  90,
  93,
  82,
  102,
  78,
  85,
  97,
  73,
  75,
  87,
  99,
  76,
  80,
  100,
  69,
  89,
  94,
  92,
  91,
  71,
  72,
  96,
  84,
  79,
  103,
  83,
  101,
  81,
  77,
  98,
  86,
  74
 ],
 "templateIndices": [
  38,
  31,
  10,
  12,
  33,
  36,
  24,
  45,
  20,
  28,
  40,
  15,
  17,
  30,
  42,
  18,
  22,
  43,
  11,
  32,
  37,
  35,
  34,
  13,
  14,
  39,
  26,
  21,
  46,
  25,
  44,
  23,
  19,
  41,
  29,
  16
 ]
}
,{
 "name": "fold_pl13_template_hit_2_chains_a.cif",
 "queryIndices": [
  95,
  67,
  88,
  68,
  70,
  90,
  93,
  102,
  82,
  78,
  85,
  97,
  73,
  75,
  99,
  87,
  76,
  80,
  100,
  69,
  89,
  94,
  92,
  91,
  71,
  72,
  84,
  96,
  79,
  103,
  83,
  81,
  101,
  77,
  98,
  86,
  74
 ],
 "templateIndices": [
  41,
  12,
  34,
  13,
  15,
  36,
  39,
  48,
  27,
  23,
  31,
  43,
  18,
  20,
  45,
  33,
  21,
  25,
  46,
  14,
  35,
  40,
  38,
  37,
  16,
  17,
  29,
  42,
  24,
  49,
  28,
  26,
  47,
  22,
  44,
  32,
  19
 ]
}
,{
 "name": "fold_pl13_template_hit_3_chains_a.cif",
 "queryIndices": [
  67,
  60,
  88,
  68,
  59,
  70,
  57,
  90,
  65,
  62,
  82,
  78,
  49,
  85,
  73,
  54,
  75,
  52,
  87,
  76,
  51,
  47,
  80,
  58,
  69,
  89,
  61,
  66,
  63,
  64,
  91,
  56,
  71,
  55,
  72,
  84,
  48,
  79,
  83,
  81,
  46,
  50,
  77,
  86,
  53,
  74
 ],
 "templateIndices": [
  51,
  44,
  78,
  52,
  42,
  60,
  40,
  80,
  49,
  46,
  72,
  68,
  28,
  75,
  63,
  33,
  65,
  31,
  77,
  66,
  30,
  26,
  70,
  41,
  53,
  79,
  45,
  50,
  47,
  48,
  81,
  35,
  61,
  34,
  62,
  74,
  27,
  69,
  73,
  71,
  25,
  29,
  67,
  76,
  32,
  64
 ]
}
]
