
[{
 "name": "fold_pl313_template_hit_0_chains_a.cif",
 "queryIndices": [
  48,
  96,
  55,
  74,
  86,
  77,
  81,
  61,
  58,
  71,
  91,
  64,
  92,
  54,
  97,
  49,
  45,
  80,
  76,
  87,
  75,
  59,
  60,
  93,
  65,
  90,
  70,
  79,
  84,
  72,
  53,
  98,
  50,
  46,
  94,
  66,
  89,
  69,
  56,
  63,
  73,
  85,
  78,
  47,
  51,
  52,
  68,
  88,
  67,
  95,
  62,
  57
 ],
 "templateIndices": [
  200,
  248,
  207,
  226,
  236,
  229,
  233,
  213,
  210,
  223,
  243,
  216,
  244,
  206,
  249,
  201,
  197,
  232,
  228,
  237,
  227,
  211,
  212,
  245,
  217,
  242,
  222,
  231,
  234,
  224,
  205,
  250,
  202,
  198,
  246,
  218,
  241,
  221,
  208,
  215,
  225,
  235,
  230,
  199,
  203,
  204,
  220,
  240,
  219,
  247,
  214,
  209
 ]
}
,{
 "name": "fold_pl313_template_hit_1_chains_a.cif",
 "queryIndices": [
  88,
  68,
  95,
  67,
  93,
  70,
  90,
  85,
  97,
  73,
  82,
  102,
  78,
  76,
  80,
  100,
  75,
  87,
  99,
  94,
  69,
  89,
  91,
  71,
  92,
  79,
  83,
  103,
  72,
  84,
  96,
  86,
  98,
  74,
  81,
  101,
  77
 ],
 "templateIndices": [
  31,
  10,
  38,
  9,
  36,
  12,
  33,
  28,
  40,
  15,
  24,
  45,
  20,
  18,
  22,
  43,
  17,
  30,
  42,
  37,
  11,
  32,
  34,
  13,
  35,
  21,
  25,
  46,
  14,
  26,
  39,
  29,
  41,
  16,
  23,
  44,
  19
 ]
}
,{
 "name": "fold_pl313_template_hit_2_chains_a.cif",
 "queryIndices": [
  88,
  95,
  93,
  90,
  97,
  85,
  102,
  82,
  78,
  100,
  80,
  99,
  87,
  94,
  89,
  91,
  92,
  79,
  83,
  103,
  84,
  96,
  86,
  98,
  81,
  101
 ],
 "templateIndices": [
  16,
  23,
  21,
  18,
  25,
  13,
  30,
  9,
  5,
  28,
  7,
  27,
  15,
  22,
  17,
  19,
  20,
  6,
  10,
  31,
  11,
  24,
  14,
  26,
  8,
  29
 ]
}
,{
 "name": "fold_pl313_template_hit_3_chains_a.cif",
 "queryIndices": [
  88,
  68,
  95,
  67,
  93,
  70,
  90,
  97,
  85,
  73,
  102,
  82,
  78,
  76,
  100,
  80,
  75,
  99,
  87,
  94,
  69,
  89,
  91,
  71,
  92,
  79,
  103,
  83,
  72,
  96,
  84,
  98,
  86,
  74,
  101,
  81,
  77
 ],
 "templateIndices": [
  31,
  10,
  38,
  9,
  36,
  12,
  33,
  40,
  28,
  15,
  45,
  24,
  20,
  18,
  43,
  22,
  17,
  42,
  30,
  37,
  11,
  32,
  34,
  13,
  35,
  21,
  46,
  25,
  14,
  39,
  26,
  41,
  29,
  16,
  44,
  23,
  19
 ]
}
]
