
[{
 "name": "fold_pl340_template_hit_0_chains_a.cif",
 "queryIndices": [
  149,
  161,
  137,
  146,
  166,
  142,
  140,
  184,
  144,
  164,
  139,
  151,
  163,
  172,
  152,
  159,
  171,
  183,
  181,
  157,
  169,
  178,
  154,
  174,
  143,
  167,
  147,
  160,
  148,
  162,
  150,
  138,
  165,
  145,
  185,
  141,
  182,
  170,
  158,
  173,
  153,
  155,
  179,
  168,
  156,
  180
 ],
 "templateIndices": [
  179,
  191,
  167,
  176,
  196,
  172,
  170,
  211,
  174,
  194,
  169,
  181,
  193,
  202,
  182,
  189,
  201,
  210,
  208,
  187,
  199,
  205,
  184,
  204,
  173,
  197,
  177,
  190,
  178,
  192,
  180,
  168,
  195,
  175,
  213,
  171,
  209,
  200,
  188,
  203,
  183,
  185,
  206,
  198,
  186,
  207
 ]
}
,{
 "name": "fold_pl340_template_hit_1_chains_a.cif",
 "queryIndices": [
  95,
  68,
  88,
  90,
  70,
  93,
  78,
  102,
  82,
  73,
  97,
  85,
  99,
  87,
  75,
  100,
  80,
  76,
  89,
  69,
  94,
  92,
  71,
  91,
  84,
  96,
  72,
  83,
  103,
  79,
  77,
  81,
  101,
  74,
  86,
  98
 ],
 "templateIndices": [
  38,
  10,
  31,
  33,
  12,
  36,
  20,
  45,
  24,
  15,
  40,
  28,
  42,
  30,
  17,
  43,
  22,
  18,
  32,
  11,
  37,
  35,
  13,
  34,
  26,
  39,
  14,
  25,
  46,
  21,
  19,
  23,
  44,
  16,
  29,
  41
 ]
}
,{
 "name": "fold_pl340_template_hit_2_chains_a.cif",
 "queryIndices": [
  67,
  95,
  68,
  88,
  90,
  70,
  93,
  78,
  82,
  102,
  73,
  97,
  85,
  87,
  99,
  75,
  100,
  80,
  76,
  89,
  69,
  94,
  92,
  71,
  91,
  96,
  84,
  72,
  83,
  103,
  79,
  77,
  101,
  81,
  74,
  86,
  98
 ],
 "templateIndices": [
  12,
  41,
  13,
  34,
  36,
  15,
  39,
  23,
  27,
  48,
  18,
  43,
  31,
  33,
  45,
  20,
  46,
  25,
  21,
  35,
  14,
  40,
  38,
  16,
  37,
  42,
  29,
  17,
  28,
  49,
  24,
  22,
  47,
  26,
  19,
  32,
  44
 ]
}
,{
 "name": "fold_pl340_template_hit_3_chains_a.cif",
 "queryIndices": [
  60,
  67,
  59,
  68,
  88,
  90,
  57,
  70,
  62,
  65,
  49,
  78,
  82,
  54,
  73,
  85,
  87,
  52,
  75,
  80,
  47,
  51,
  76,
  89,
  69,
  58,
  66,
  61,
  64,
  63,
  71,
  56,
  91,
  84,
  72,
  55,
  83,
  79,
  48,
  77,
  50,
  46,
  81,
  74,
  53,
  86
 ],
 "templateIndices": [
  44,
  51,
  42,
  52,
  78,
  80,
  40,
  60,
  46,
  49,
  28,
  68,
  72,
  33,
  63,
  75,
  77,
  31,
  65,
  70,
  26,
  30,
  66,
  79,
  53,
  41,
  50,
  45,
  48,
  47,
  61,
  35,
  81,
  74,
  62,
  34,
  73,
  69,
  27,
  67,
  29,
  25,
  71,
  64,
  32,
  76
 ]
}
]
