
[{
 "name": "fold_pl338_template_hit_0_chains_a.cif",
 "queryIndices": [
  166,
  146,
  186,
  142,
  161,
  149,
  139,
  163,
  151,
  184,
  140,
  164,
  144,
  171,
  159,
  183,
  172,
  152,
  176,
  154,
  174,
  181,
  169,
  157,
  148,
  160,
  143,
  187,
  147,
  167,
  165,
  145,
  141,
  185,
  150,
  162,
  153,
  173,
  182,
  170,
  158,
  168,
  156,
  180,
  155,
  175
 ],
 "templateIndices": [
  194,
  174,
  211,
  170,
  189,
  177,
  167,
  191,
  179,
  209,
  168,
  192,
  172,
  199,
  187,
  208,
  200,
  180,
  204,
  182,
  202,
  206,
  197,
  185,
  176,
  188,
  171,
  213,
  175,
  195,
  193,
  173,
  169,
  210,
  178,
  190,
  181,
  201,
  207,
  198,
  186,
  196,
  184,
  205,
  183,
  203
 ]
}
,{
 "name": "fold_pl338_template_hit_1_chains_a.cif",
 "queryIndices": [
  88,
  95,
  93,
  105,
  90,
  70,
  73,
  97,
  85,
  78,
  102,
  82,
  100,
  80,
  76,
  99,
  87,
  75,
  94,
  89,
  69,
  71,
  91,
  104,
  92,
  83,
  103,
  79,
  84,
  96,
  72,
  74,
  86,
  98,
  77,
  81,
  101
 ],
 "templateIndices": [
  29,
  36,
  34,
  46,
  31,
  10,
  13,
  38,
  25,
  18,
  43,
  22,
  41,
  20,
  16,
  40,
  28,
  15,
  35,
  30,
  9,
  11,
  32,
  45,
  33,
  23,
  44,
  19,
  24,
  37,
  12,
  14,
  26,
  39,
  17,
  21,
  42
 ]
}
,{
 "name": "fold_pl338_template_hit_2_chains_a.cif",
 "queryIndices": [
  68,
  59,
  88,
  67,
  60,
  93,
  65,
  62,
  90,
  70,
  57,
  73,
  54,
  85,
  78,
  49,
  82,
  47,
  80,
  76,
  51,
  87,
  75,
  52,
  61,
  66,
  89,
  58,
  69,
  56,
  71,
  91,
  63,
  64,
  92,
  83,
  48,
  79,
  84,
  55,
  72,
  53,
  74,
  86,
  50,
  77,
  81,
  46
 ],
 "templateIndices": [
  52,
  42,
  76,
  51,
  44,
  81,
  49,
  46,
  78,
  58,
  40,
  61,
  33,
  73,
  66,
  28,
  70,
  26,
  68,
  64,
  30,
  75,
  63,
  31,
  45,
  50,
  77,
  41,
  53,
  35,
  59,
  79,
  47,
  48,
  80,
  71,
  27,
  67,
  72,
  34,
  60,
  32,
  62,
  74,
  29,
  65,
  69,
  25
 ]
}
,{
 "name": "fold_pl338_template_hit_3_chains_a.cif",
 "queryIndices": [
  217,
  197,
  222,
  189,
  194,
  191,
  192,
  220,
  199,
  219,
  224,
  212,
  200,
  211,
  207,
  205,
  209,
  202,
  226,
  214,
  195,
  223,
  196,
  216,
  218,
  198,
  221,
  193,
  190,
  206,
  210,
  201,
  225,
  213,
  227,
  215,
  203,
  228,
  208,
  204
 ],
 "templateIndices": [
  182,
  160,
  187,
  152,
  157,
  154,
  155,
  185,
  164,
  184,
  189,
  177,
  165,
  176,
  172,
  170,
  174,
  167,
  191,
  179,
  158,
  188,
  159,
  181,
  183,
  163,
  186,
  156,
  153,
  171,
  175,
  166,
  190,
  178,
  192,
  180,
  168,
  193,
  173,
  169
 ]
}
]
