
[{
 "name": "fold_pl319_template_hit_0_chains_a.cif",
 "queryIndices": [
  86,
  81,
  77,
  123,
  133,
  103,
  124,
  130,
  96,
  91,
  92,
  118,
  106,
  113,
  109,
  80,
  87,
  97,
  131,
  125,
  102,
  132,
  122,
  93,
  90,
  108,
  112,
  107,
  119,
  128,
  98,
  126,
  101,
  121,
  79,
  83,
  84,
  111,
  115,
  104,
  116,
  94,
  89,
  120,
  100,
  127,
  99,
  129,
  85,
  82,
  78,
  117,
  105,
  114,
  110,
  88,
  95
 ],
 "templateIndices": [
  122,
  117,
  113,
  160,
  170,
  140,
  161,
  167,
  132,
  127,
  128,
  155,
  143,
  150,
  146,
  116,
  123,
  133,
  168,
  162,
  139,
  169,
  159,
  129,
  126,
  145,
  149,
  144,
  156,
  165,
  135,
  163,
  138,
  158,
  115,
  119,
  120,
  148,
  152,
  141,
  153,
  130,
  125,
  157,
  137,
  164,
  136,
  166,
  121,
  118,
  114,
  154,
  142,
  151,
  147,
  124,
  131
 ]
}
,{
 "name": "fold_pl319_template_hit_1_chains_a.cif",
 "queryIndices": [
  181,
  157,
  169,
  154,
  174,
  152,
  172,
  176,
  159,
  171,
  183,
  184,
  140,
  164,
  144,
  139,
  163,
  151,
  161,
  149,
  166,
  146,
  186,
  142,
  175,
  155,
  168,
  156,
  180,
  182,
  170,
  158,
  173,
  153,
  150,
  162,
  145,
  165,
  141,
  185,
  143,
  187,
  147,
  167,
  148,
  160
 ],
 "templateIndices": [
  206,
  185,
  197,
  182,
  202,
  180,
  200,
  204,
  187,
  199,
  208,
  209,
  168,
  192,
  172,
  167,
  191,
  179,
  189,
  177,
  194,
  174,
  211,
  170,
  203,
  183,
  196,
  184,
  205,
  207,
  198,
  186,
  201,
  181,
  178,
  190,
  173,
  193,
  169,
  210,
  171,
  213,
  175,
  195,
  176,
  188
 ]
}
,{
 "name": "fold_pl319_template_hit_2_chains_a.cif",
 "queryIndices": [
  99,
  87,
  75,
  80,
  100,
  76,
  78,
  82,
  102,
  73,
  97,
  85,
  90,
  70,
  93,
  95,
  68,
  88,
  77,
  101,
  81,
  74,
  86,
  98,
  84,
  96,
  72,
  103,
  83,
  79,
  92,
  71,
  91,
  89,
  69,
  94
 ],
 "templateIndices": [
  42,
  30,
  17,
  22,
  43,
  18,
  20,
  24,
  45,
  15,
  40,
  28,
  33,
  12,
  36,
  38,
  10,
  31,
  19,
  44,
  23,
  16,
  29,
  41,
  26,
  39,
  14,
  46,
  25,
  21,
  35,
  13,
  34,
  32,
  11,
  37
 ]
}
,{
 "name": "fold_pl319_template_hit_3_chains_a.cif",
 "queryIndices": [
  87,
  99,
  75,
  100,
  80,
  76,
  78,
  102,
  82,
  73,
  85,
  97,
  90,
  70,
  93,
  67,
  95,
  68,
  88,
  77,
  101,
  81,
  74,
  86,
  98,
  84,
  96,
  72,
  103,
  83,
  79,
  92,
  71,
  91,
  89,
  69,
  94
 ],
 "templateIndices": [
  33,
  45,
  20,
  46,
  25,
  21,
  23,
  48,
  27,
  18,
  31,
  43,
  36,
  15,
  39,
  12,
  41,
  13,
  34,
  22,
  47,
  26,
  19,
  32,
  44,
  29,
  42,
  17,
  49,
  28,
  24,
  38,
  16,
  37,
  35,
  14,
  40
 ]
}
]
