
[{
 "name": "fold_pl317_template_hit_0_chains_a.cif",
 "queryIndices": [
  117,
  93,
  105,
  114,
  90,
  110,
  108,
  112,
  95,
  107,
  137,
  119,
  120,
  100,
  134,
  127,
  99,
  97,
  131,
  125,
  102,
  132,
  122,
  111,
  91,
  115,
  138,
  104,
  92,
  116,
  118,
  136,
  106,
  94,
  113,
  109,
  98,
  126,
  135,
  101,
  121,
  123,
  133,
  103,
  124,
  96
 ],
 "templateIndices": [
  194,
  170,
  182,
  191,
  167,
  187,
  185,
  189,
  172,
  184,
  211,
  196,
  197,
  177,
  208,
  204,
  176,
  174,
  205,
  202,
  179,
  206,
  199,
  188,
  168,
  192,
  213,
  181,
  169,
  193,
  195,
  210,
  183,
  171,
  190,
  186,
  175,
  203,
  209,
  178,
  198,
  200,
  207,
  180,
  201,
  173
 ]
}
,{
 "name": "fold_pl317_template_hit_1_chains_a.cif",
 "queryIndices": [
  34,
  22,
  37,
  39,
  32,
  51,
  27,
  47,
  52,
  28,
  40,
  30,
  42,
  54,
  25,
  45,
  49,
  36,
  56,
  23,
  35,
  21,
  33,
  38,
  41,
  29,
  53,
  46,
  26,
  50,
  48,
  44,
  24,
  55,
  43,
  31
 ],
 "templateIndices": [
  23,
  11,
  26,
  29,
  21,
  41,
  16,
  37,
  42,
  17,
  30,
  19,
  32,
  44,
  14,
  35,
  39,
  25,
  46,
  12,
  24,
  10,
  22,
  28,
  31,
  18,
  43,
  36,
  15,
  40,
  38,
  34,
  13,
  45,
  33,
  20
 ]
}
,{
 "name": "fold_pl317_template_hit_2_chains_a.cif",
 "queryIndices": [
  50,
  46,
  53,
  41,
  31,
  72,
  79,
  63,
  35,
  56,
  36,
  69,
  66,
  40,
  52,
  47,
  51,
  78,
  82,
  73,
  30,
  37,
  57,
  34,
  62,
  67,
  68,
  77,
  81,
  74,
  43,
  55,
  44,
  48,
  64,
  71,
  38,
  58,
  33,
  61,
  75,
  80,
  76,
  49,
  45,
  54,
  42,
  70,
  65,
  60,
  32,
  59,
  39
 ],
 "templateIndices": [
  133,
  129,
  137,
  124,
  114,
  158,
  165,
  147,
  118,
  140,
  119,
  155,
  150,
  123,
  136,
  130,
  135,
  164,
  168,
  159,
  113,
  120,
  141,
  117,
  146,
  153,
  154,
  163,
  167,
  160,
  126,
  139,
  127,
  131,
  148,
  157,
  121,
  142,
  116,
  145,
  161,
  166,
  162,
  132,
  128,
  138,
  125,
  156,
  149,
  144,
  115,
  143,
  122
 ]
}
,{
 "name": "fold_pl317_template_hit_3_chains_a.cif",
 "queryIndices": [
  208,
  204,
  215,
  203,
  170,
  177,
  173,
  193,
  218,
  198,
  187,
  167,
  188,
  202,
  214,
  205,
  209,
  172,
  176,
  171,
  199,
  219,
  192,
  220,
  189,
  186,
  175,
  179,
  168,
  180,
  201,
  213,
  206,
  210,
  190,
  185,
  196,
  216,
  195,
  169,
  178,
  174,
  211,
  207,
  212,
  200,
  184,
  191,
  194,
  217,
  197
 ],
 "templateIndices": [
  51,
  47,
  58,
  46,
  7,
  14,
  10,
  36,
  61,
  41,
  30,
  4,
  31,
  45,
  57,
  48,
  52,
  9,
  13,
  8,
  42,
  62,
  35,
  63,
  32,
  26,
  12,
  16,
  5,
  23,
  44,
  56,
  49,
  53,
  33,
  25,
  39,
  59,
  38,
  6,
  15,
  11,
  54,
  50,
  55,
  43,
  24,
  34,
  37,
  60,
  40
 ]
}
]
