
[{
 "name": "fold_pl8_template_hit_0_chains_a.cif",
 "queryIndices": [
  146,
  166,
  186,
  142,
  149,
  161,
  137,
  139,
  163,
  151,
  140,
  184,
  164,
  144,
  159,
  171,
  183,
  152,
  172,
  178,
  174,
  154,
  181,
  169,
  157,
  160,
  148,
  143,
  167,
  147,
  145,
  165,
  185,
  141,
  150,
  162,
  138,
  173,
  153,
  182,
  170,
  158,
  156,
  168,
  180,
  155,
  179
 ],
 "templateIndices": [
  176,
  196,
  214,
  172,
  179,
  191,
  167,
  169,
  193,
  181,
  170,
  211,
  194,
  174,
  189,
  201,
  210,
  182,
  202,
  205,
  204,
  184,
  208,
  199,
  187,
  190,
  178,
  173,
  197,
  177,
  175,
  195,
  213,
  171,
  180,
  192,
  168,
  203,
  183,
  209,
  200,
  188,
  186,
  198,
  207,
  185,
  206
 ]
}
,{
 "name": "fold_pl8_template_hit_1_chains_a.cif",
 "queryIndices": [
  68,
  88,
  67,
  95,
  93,
  90,
  70,
  73,
  85,
  97,
  78,
  82,
  102,
  80,
  100,
  76,
  87,
  99,
  75,
  94,
  89,
  69,
  71,
  91,
  92,
  103,
  83,
  79,
  96,
  84,
  72,
  74,
  98,
  86,
  77,
  101,
  81
 ],
 "templateIndices": [
  10,
  31,
  9,
  38,
  36,
  33,
  12,
  15,
  28,
  40,
  20,
  24,
  45,
  22,
  43,
  18,
  30,
  42,
  17,
  37,
  32,
  11,
  13,
  34,
  35,
  46,
  25,
  21,
  39,
  26,
  14,
  16,
  41,
  29,
  19,
  44,
  23
 ]
}
,{
 "name": "fold_pl8_template_hit_2_chains_a.cif",
 "queryIndices": [
  68,
  88,
  95,
  93,
  90,
  70,
  73,
  85,
  97,
  78,
  102,
  82,
  100,
  80,
  76,
  87,
  99,
  75,
  94,
  89,
  69,
  71,
  91,
  92,
  83,
  103,
  79,
  96,
  84,
  72,
  74,
  98,
  86,
  77,
  81,
  101
 ],
 "templateIndices": [
  11,
  32,
  39,
  37,
  34,
  13,
  16,
  29,
  41,
  21,
  46,
  25,
  44,
  23,
  19,
  31,
  43,
  18,
  38,
  33,
  12,
  14,
  35,
  36,
  26,
  47,
  22,
  40,
  27,
  15,
  17,
  42,
  30,
  20,
  24,
  45
 ]
}
,{
 "name": "fold_pl8_template_hit_3_chains_a.cif",
 "queryIndices": [
  59,
  68,
  88,
  60,
  67,
  62,
  65,
  90,
  57,
  70,
  54,
  73,
  85,
  49,
  78,
  82,
  80,
  47,
  51,
  76,
  87,
  52,
  75,
  66,
  61,
  89,
  69,
  58,
  71,
  56,
  91,
  64,
  63,
  83,
  79,
  48,
  84,
  72,
  55,
  74,
  53,
  86,
  77,
  50,
  46,
  81
 ],
 "templateIndices": [
  42,
  52,
  78,
  44,
  51,
  46,
  49,
  80,
  40,
  60,
  33,
  63,
  75,
  28,
  68,
  72,
  70,
  26,
  30,
  66,
  77,
  31,
  65,
  50,
  45,
  79,
  53,
  41,
  61,
  35,
  81,
  48,
  47,
  73,
  69,
  27,
  74,
  62,
  34,
  64,
  32,
  76,
  67,
  29,
  25,
  71
 ]
}
]
