
[{
 "name": "fold_padh8a_template_hit_0_chains_a.cif",
 "queryIndices": [
  173,
  153,
  133,
  158,
  170,
  130,
  128,
  156,
  168,
  135,
  175,
  155,
  148,
  160,
  136,
  147,
  143,
  141,
  145,
  138,
  150,
  162,
  131,
  171,
  159,
  132,
  152,
  172,
  154,
  174,
  134,
  127,
  169,
  157,
  129,
  142,
  146,
  137,
  161,
  149,
  163,
  151,
  139,
  144,
  164,
  140
 ],
 "templateIndices": [
  210,
  193,
  173,
  198,
  207,
  170,
  168,
  196,
  205,
  175,
  213,
  195,
  188,
  200,
  176,
  187,
  183,
  181,
  185,
  178,
  190,
  202,
  171,
  208,
  199,
  172,
  192,
  209,
  194,
  211,
  174,
  167,
  206,
  197,
  169,
  182,
  186,
  177,
  201,
  189,
  203,
  191,
  179,
  184,
  204,
  180
 ]
}
,{
 "name": "fold_padh8a_template_hit_1_chains_a.cif",
 "queryIndices": [
  79,
  83,
  72,
  84,
  86,
  74,
  81,
  77,
  61,
  66,
  58,
  69,
  89,
  91,
  71,
  92,
  63,
  64,
  85,
  73,
  82,
  78,
  76,
  80,
  75,
  87,
  88,
  68,
  59,
  67,
  60,
  65,
  62,
  93,
  70,
  90
 ],
 "templateIndices": [
  32,
  36,
  24,
  37,
  39,
  26,
  34,
  30,
  13,
  18,
  10,
  21,
  42,
  44,
  23,
  45,
  15,
  16,
  38,
  25,
  35,
  31,
  29,
  33,
  28,
  40,
  41,
  20,
  11,
  19,
  12,
  17,
  14,
  46,
  22,
  43
 ]
}
,{
 "name": "fold_padh8a_template_hit_2_chains_a.cif",
 "queryIndices": [
  79,
  83,
  72,
  84,
  86,
  74,
  81,
  77,
  61,
  66,
  58,
  69,
  89,
  91,
  71,
  92,
  63,
  64,
  85,
  73,
  82,
  78,
  76,
  80,
  75,
  87,
  88,
  68,
  59,
  67,
  60,
  65,
  62,
  93,
  70,
  57,
  90
 ],
 "templateIndices": [
  35,
  39,
  27,
  40,
  42,
  29,
  37,
  33,
  16,
  21,
  13,
  24,
  45,
  47,
  26,
  48,
  18,
  19,
  41,
  28,
  38,
  34,
  32,
  36,
  31,
  43,
  44,
  23,
  14,
  22,
  15,
  20,
  17,
  49,
  25,
  12,
  46
 ]
}
,{
 "name": "fold_padh8a_template_hit_3_chains_a.cif",
 "queryIndices": [
  48,
  79,
  44,
  55,
  72,
  43,
  41,
  53,
  74,
  81,
  46,
  50,
  77,
  61,
  66,
  58,
  69,
  38,
  36,
  56,
  71,
  63,
  64,
  42,
  73,
  54,
  45,
  78,
  49,
  76,
  51,
  47,
  80,
  75,
  52,
  40,
  39,
  68,
  59,
  67,
  60,
  65,
  62,
  70,
  57,
  37
 ],
 "templateIndices": [
  41,
  79,
  33,
  49,
  72,
  32,
  30,
  47,
  74,
  81,
  35,
  44,
  77,
  61,
  66,
  52,
  69,
  27,
  25,
  50,
  71,
  63,
  64,
  31,
  73,
  48,
  34,
  78,
  42,
  76,
  45,
  40,
  80,
  75,
  46,
  29,
  28,
  68,
  53,
  67,
  60,
  65,
  62,
  70,
  51,
  26
 ]
}
]
