
[{
 "name": "fold_pl7_template_hit_0_chains_a.cif",
 "queryIndices": [
  158,
  170,
  177,
  173,
  153,
  155,
  175,
  179,
  168,
  156,
  187,
  143,
  147,
  167,
  188,
  160,
  148,
  150,
  162,
  190,
  165,
  145,
  185,
  172,
  152,
  176,
  159,
  171,
  183,
  169,
  157,
  178,
  154,
  174,
  161,
  149,
  189,
  146,
  166,
  186,
  142,
  184,
  164,
  144,
  151,
  163
 ],
 "templateIndices": [
  183,
  195,
  202,
  198,
  178,
  180,
  200,
  204,
  193,
  181,
  209,
  168,
  172,
  192,
  210,
  185,
  173,
  175,
  187,
  213,
  190,
  170,
  207,
  197,
  177,
  201,
  184,
  196,
  205,
  194,
  182,
  203,
  179,
  199,
  186,
  174,
  211,
  171,
  191,
  208,
  167,
  206,
  189,
  169,
  176,
  188
 ]
}
,{
 "name": "fold_pl7_template_hit_1_chains_a.cif",
 "queryIndices": [
  84,
  96,
  83,
  103,
  79,
  77,
  81,
  101,
  74,
  86,
  98,
  89,
  106,
  94,
  104,
  92,
  91,
  78,
  102,
  82,
  73,
  97,
  85,
  99,
  87,
  75,
  100,
  80,
  76,
  95,
  107,
  88,
  108,
  90,
  93,
  105
 ],
 "templateIndices": [
  21,
  34,
  20,
  41,
  16,
  14,
  18,
  39,
  11,
  23,
  36,
  26,
  44,
  32,
  42,
  30,
  29,
  15,
  40,
  19,
  10,
  35,
  22,
  37,
  24,
  12,
  38,
  17,
  13,
  33,
  45,
  25,
  46,
  28,
  31,
  43
 ]
}
,{
 "name": "fold_pl7_template_hit_2_chains_a.cif",
 "queryIndices": [
  96,
  84,
  72,
  83,
  103,
  79,
  77,
  101,
  81,
  74,
  86,
  98,
  89,
  94,
  106,
  104,
  92,
  91,
  78,
  82,
  102,
  73,
  97,
  85,
  87,
  99,
  75,
  100,
  80,
  76,
  95,
  107,
  108,
  88,
  90,
  105,
  93
 ],
 "templateIndices": [
  37,
  24,
  12,
  23,
  44,
  19,
  17,
  42,
  21,
  14,
  26,
  39,
  29,
  35,
  47,
  45,
  33,
  32,
  18,
  22,
  43,
  13,
  38,
  25,
  27,
  40,
  15,
  41,
  20,
  16,
  36,
  48,
  49,
  28,
  31,
  46,
  34
 ]
}
,{
 "name": "fold_pl7_template_hit_3_chains_a.cif",
 "queryIndices": [
  254,
  261,
  226,
  258,
  249,
  229,
  211,
  212,
  243,
  264,
  239,
  271,
  244,
  275,
  232,
  222,
  217,
  228,
  259,
  248,
  227,
  255,
  260,
  213,
  210,
  274,
  233,
  270,
  245,
  238,
  242,
  265,
  216,
  223,
  214,
  209,
  231,
  256,
  251,
  224,
  252,
  263,
  219,
  220,
  273,
  234,
  269,
  246,
  237,
  241,
  266,
  215,
  253,
  262,
  225,
  257,
  250,
  230,
  221,
  218,
  240,
  267,
  236,
  268,
  247,
  272,
  235
 ],
 "templateIndices": [
  487,
  494,
  459,
  491,
  482,
  462,
  443,
  444,
  476,
  497,
  472,
  504,
  477,
  508,
  465,
  455,
  449,
  461,
  492,
  481,
  460,
  488,
  493,
  445,
  442,
  507,
  466,
  503,
  478,
  471,
  475,
  498,
  448,
  456,
  446,
  441,
  464,
  489,
  484,
  457,
  485,
  496,
  452,
  453,
  506,
  467,
  502,
  479,
  470,
  474,
  499,
  447,
  486,
  495,
  458,
  490,
  483,
  463,
  454,
  450,
  473,
  500,
  469,
  501,
  480,
  505,
  468
 ]
}
]
