
[{
 "name": "fold_pl11_template_hit_0_chains_a.cif",
 "queryIndices": [
  139,
  163,
  151,
  140,
  184,
  164,
  144,
  146,
  166,
  186,
  142,
  149,
  161,
  137,
  178,
  174,
  154,
  181,
  169,
  157,
  159,
  171,
  183,
  152,
  172,
  145,
  165,
  185,
  141,
  150,
  162,
  138,
  160,
  148,
  143,
  167,
  147,
  156,
  168,
  180,
  155,
  179,
  173,
  153,
  182,
  170,
  158
 ],
 "templateIndices": [
  169,
  193,
  181,
  170,
  211,
  194,
  174,
  176,
  196,
  214,
  172,
  179,
  191,
  167,
  205,
  204,
  184,
  208,
  199,
  187,
  189,
  201,
  210,
  182,
  202,
  175,
  195,
  213,
  171,
  180,
  192,
  168,
  190,
  178,
  173,
  197,
  177,
  186,
  198,
  207,
  185,
  206,
  203,
  183,
  209,
  200,
  188
 ]
}
,{
 "name": "fold_pl11_template_hit_1_chains_a.cif",
 "queryIndices": [
  93,
  90,
  70,
  68,
  88,
  67,
  95,
  100,
  80,
  76,
  99,
  87,
  75,
  73,
  97,
  85,
  78,
  102,
  82,
  71,
  91,
  92,
  94,
  89,
  69,
  74,
  86,
  98,
  77,
  81,
  101,
  83,
  103,
  79,
  84,
  96,
  72
 ],
 "templateIndices": [
  36,
  33,
  12,
  10,
  31,
  9,
  38,
  43,
  22,
  18,
  42,
  30,
  17,
  15,
  40,
  28,
  20,
  45,
  24,
  13,
  34,
  35,
  37,
  32,
  11,
  16,
  29,
  41,
  19,
  23,
  44,
  25,
  46,
  21,
  26,
  39,
  14
 ]
}
,{
 "name": "fold_pl11_template_hit_2_chains_a.cif",
 "queryIndices": [
  93,
  90,
  70,
  68,
  88,
  95,
  80,
  100,
  76,
  99,
  87,
  75,
  73,
  97,
  85,
  78,
  82,
  102,
  71,
  91,
  92,
  94,
  89,
  69,
  74,
  86,
  98,
  77,
  101,
  81,
  103,
  83,
  79,
  84,
  96,
  72
 ],
 "templateIndices": [
  37,
  34,
  13,
  11,
  32,
  39,
  23,
  44,
  19,
  43,
  31,
  18,
  16,
  41,
  29,
  21,
  25,
  46,
  14,
  35,
  36,
  38,
  33,
  12,
  17,
  30,
  42,
  20,
  45,
  24,
  47,
  26,
  22,
  27,
  40,
  15
 ]
}
,{
 "name": "fold_pl11_template_hit_3_chains_a.cif",
 "queryIndices": [
  62,
  65,
  90,
  57,
  70,
  59,
  68,
  88,
  60,
  67,
  80,
  47,
  51,
  76,
  87,
  52,
  75,
  54,
  73,
  85,
  49,
  78,
  82,
  71,
  56,
  91,
  64,
  63,
  66,
  61,
  89,
  69,
  58,
  74,
  53,
  86,
  77,
  50,
  46,
  81,
  83,
  79,
  48,
  84,
  72,
  55
 ],
 "templateIndices": [
  46,
  49,
  80,
  40,
  60,
  42,
  52,
  78,
  44,
  51,
  70,
  26,
  30,
  66,
  77,
  31,
  65,
  33,
  63,
  75,
  28,
  68,
  72,
  61,
  35,
  81,
  48,
  47,
  50,
  45,
  79,
  53,
  41,
  64,
  32,
  76,
  67,
  29,
  25,
  71,
  73,
  69,
  27,
  74,
  62,
  34
 ]
}
]
