
[{
 "name": "fold_pl352_template_hit_0_chains_a.cif",
 "queryIndices": [
  96,
  84,
  103,
  83,
  101,
  98,
  86,
  109,
  89,
  113,
  106,
  94,
  116,
  104,
  92,
  115,
  111,
  91,
  82,
  102,
  85,
  97,
  87,
  99,
  100,
  95,
  107,
  112,
  88,
  108,
  90,
  110,
  114,
  93,
  105,
  117
 ],
 "templateIndices": [
  73,
  60,
  80,
  59,
  78,
  75,
  62,
  86,
  65,
  90,
  83,
  71,
  93,
  81,
  69,
  92,
  88,
  68,
  58,
  79,
  61,
  74,
  63,
  76,
  77,
  72,
  84,
  89,
  64,
  85,
  67,
  87,
  91,
  70,
  82,
  94
 ]
}
,{
 "name": "fold_pl352_template_hit_1_chains_a.cif",
 "queryIndices": [
  96,
  84,
  83,
  103,
  81,
  101,
  98,
  86,
  109,
  89,
  113,
  94,
  106,
  116,
  92,
  104,
  115,
  111,
  91,
  82,
  102,
  97,
  85,
  99,
  100,
  95,
  107,
  112,
  108,
  110,
  90,
  114,
  93,
  105
 ],
 "templateIndices": [
  169,
  159,
  158,
  176,
  156,
  174,
  171,
  161,
  182,
  162,
  186,
  167,
  179,
  189,
  165,
  177,
  188,
  184,
  164,
  157,
  175,
  170,
  160,
  172,
  173,
  168,
  180,
  185,
  181,
  183,
  163,
  187,
  166,
  178
 ]
}
,{
 "name": "fold_pl352_template_hit_2_chains_a.cif",
 "queryIndices": [
  84,
  96,
  83,
  103,
  81,
  101,
  98,
  86,
  109,
  89,
  113,
  106,
  94,
  104,
  92,
  115,
  111,
  91,
  82,
  102,
  85,
  97,
  87,
  99,
  100,
  107,
  95,
  112,
  108,
  88,
  90,
  110,
  114,
  93,
  105
 ],
 "templateIndices": [
  253,
  265,
  252,
  272,
  250,
  270,
  267,
  255,
  278,
  258,
  282,
  275,
  263,
  273,
  261,
  284,
  280,
  260,
  251,
  271,
  254,
  266,
  256,
  268,
  269,
  276,
  264,
  281,
  277,
  257,
  259,
  279,
  283,
  262,
  274
 ]
}
,{
 "name": "fold_pl352_template_hit_3_chains_a.cif",
 "queryIndices": [
  96,
  84,
  83,
  103,
  101,
  98,
  86,
  89,
  109,
  113,
  106,
  94,
  104,
  92,
  115,
  91,
  111,
  102,
  85,
  97,
  87,
  99,
  100,
  95,
  107,
  112,
  108,
  88,
  110,
  90,
  114,
  93,
  105
 ],
 "templateIndices": [
  359,
  347,
  346,
  366,
  364,
  361,
  349,
  352,
  372,
  376,
  369,
  357,
  367,
  355,
  378,
  354,
  374,
  365,
  348,
  360,
  350,
  362,
  363,
  358,
  370,
  375,
  371,
  351,
  373,
  353,
  377,
  356,
  368
 ]
}
]
